{
  "params": {
    "wav": "stt_yandex/test/test_data/example.wav",
    "chunk_ms": 20,
    "repeats": 1,
    "report_dir": "reports",
    "config": "configs/stt_config.yml"
  },
  "wav_info": {
    "sr": 44100,
    "nch": 1,
    "sampwidth": 2
  },
  "metrics": {
    "handshake_ms": {
      "avg": 5.01,
      "p50": 5.01,
      "p95": 5.01
    },
    "ttfp_ms": {
      "avg": 768.66,
      "p50": 768.66,
      "p95": 768.66
    },
    "ttff_ms": {
      "avg": 3418.49,
      "p50": 3418.49,
      "p95": 3418.49
    },
    "total_ms": {
      "avg": 37157.9,
      "p50": 37157.9,
      "p95": 37157.9
    },
    "bytes_sent": {
      "avg": 1527552,
      "p50": 1527552,
      "p95": 1527552
    },
    "queue_max_depth": {
      "avg": 50,
      "p50": 50,
      "p95": 50
    }
  },
  "runs": [
    {
      "handshake_ms": 5.008208001527237,
      "ttfp_ms": 768.6610000018845,
      "ttff_ms": 3418.4937499994703,
      "total_ms": 37157.89920800307,
      "queue_max_depth": 50,
      "bytes_sent": 1527552,
      "chunks_sent": 866,
      "partials_count": 285,
      "finals_count": 25,
      "error": null
    }
  ]
}