{
  "params": {
    "wav": "test_data/test_speech.wav",
    "chunk_ms": 5,
    "repeats": 5,
    "report_dir": "reports",
    "config": "configs/stt_config.yml"
  },
  "wav_info": {
    "sr": 8000,
    "nch": 1,
    "sampwidth": 2
  },
  "metrics": {
    "handshake_ms": {
      "avg": 150.93,
      "p50": 0.26,
      "p95": 753.92
    },
    "ttfp_ms": {
      "avg": 244.15,
      "p50": 200.58,
      "p95": 412.33
    },
    "ttff_ms": {
      "avg": 791.05,
      "p50": 807.5,
      "p95": 918.07
    },
    "total_ms": {
      "avg": 791.26,
      "p50": 807.83,
      "p95": 918.22
    },
    "buffer_ms": {
      "avg": 200,
      "p50": 200,
      "p95": 200
    },
    "buffer_size": {
      "avg": 3200,
      "p50": 3200,
      "p95": 3200
    },
    "bytes_sent": {
      "avg": 47740,
      "p50": 47740,
      "p95": 47740
    },
    "chunks_sent": {
      "avg": 558,
      "p50": 558,
      "p95": 558
    },
    "queue_max_depth": {
      "avg": 0,
      "p50": 0,
      "p95": 0
    }
  },
  "runs": [
    {
      "handshake_ms": 753.9235420008481,
      "first_chunk_sent_ts": 32339.456881708,
      "first_partial_ts": 32339.669624333,
      "first_final_ts": 32340.276874791,
      "ttfp_ms": 212.74,
      "ttff_ms": 819.99,
      "total_ms": 820.16,
      "buffer_ms": 200,
      "buffer_size": 3200,
      "bytes_sent": 47740,
      "chunks_sent": 558,
      "partials_count": 8,
      "finals_count": 2,
      "queue_max_depth": 0
    },
    {
      "handshake_ms": 0.09600000339560211,
      "first_chunk_sent_ts": 32340.277631291,
      "first_partial_ts": 32340.476766166,
      "first_final_ts": 32340.980997083,
      "ttfp_ms": 199.13,
      "ttff_ms": 703.37,
      "total_ms": 703.51,
      "buffer_ms": 200,
      "buffer_size": 3200,
      "bytes_sent": 47740,
      "chunks_sent": 558,
      "partials_count": 8,
      "finals_count": 2,
      "queue_max_depth": 0
    },
    {
      "handshake_ms": 0.08758300100453198,
      "first_chunk_sent_ts": 32340.98168175,
      "first_partial_ts": 32341.182262375,
      "first_final_ts": 32341.687995083,
      "ttfp_ms": 200.58,
      "ttff_ms": 706.31,
      "total_ms": 706.59,
      "buffer_ms": 200,
      "buffer_size": 3200,
      "bytes_sent": 47740,
      "chunks_sent": 558,
      "partials_count": 8,
      "finals_count": 2,
      "queue_max_depth": 0
    },
    {
      "handshake_ms": 0.26249999791616574,
      "first_chunk_sent_ts": 32341.689406125,
      "first_partial_ts": 32341.885359458,
      "first_final_ts": 32342.496903875,
      "ttfp_ms": 195.95,
      "ttff_ms": 807.5,
      "total_ms": 807.83,
      "buffer_ms": 200,
      "buffer_size": 3200,
      "bytes_sent": 47740,
      "chunks_sent": 558,
      "partials_count": 8,
      "finals_count": 2,
      "queue_max_depth": 0
    },
    {
      "handshake_ms": 0.29179199918871745,
      "first_chunk_sent_ts": 32342.498690291,
      "first_partial_ts": 32342.911019541,
      "first_final_ts": 32343.416761958,
      "ttfp_ms": 412.33,
      "ttff_ms": 918.07,
      "total_ms": 918.22,
      "buffer_ms": 200,
      "buffer_size": 3200,
      "bytes_sent": 47740,
      "chunks_sent": 558,
      "partials_count": 8,
      "finals_count": 2,
      "queue_max_depth": 0
    }
  ]
}